{
  "version": "1.6",
  "shouldAutoUpdate": true,
  "allowedDimensions": [
    "minecraft:overworld"
  ],
  "allowedBiomes": [],
  "equatorZ": 10000.0,
  "blocks90": 20000.0,
  "ignoreStarBrightness": false,
  "endlessPoles": false,
  "auroraHeightOffset": -4000.0,
  "pixelStyle": true,
  "auroraDetail": 200,
  "yearLength": 365,
  "auroraWaveOctaves": 1,
  "auroraWaveAmplitude": 1200.0,
  "auroraWaveFrequency": 25.0,
  "auroraWaveSpeed": 1.0E-6,
  "auroraHeightOctaves": 1,
  "auroraHeightFrequency": 100.0,
  "auroraHeightSpeed": 2.0E-6,
  "auroraHeightAmplitudeTop": 3000.0,
  "auroraHeightAmplitudeMid": 500.0,
  "auroraHeightAmplitudeLower": 200.0,
  "auroraWidth": 0.5,
  "auroraHeight": 0.02,
  "auroraFrequency": 1.0,
  "auroraWidthRadius": 0.5,
  "auroraLengthRadius": 0.5,
  "auroraDistanceFactor": 1.5,
  "auroraMaxPoleOffset": 5000.0,
  "auroraRotationSpeed": 0.5,
  "auroraVisibilityOctaves": 1,
  "aboveHeadPosition": false,
  "playerMovementFactor": 1.0E-4,
  "playerAltitudeFactor": 1.0,
  "auroraBandDistanceFactor": 1600.0,
  "auroraAmountOctaves": 4,
  "auroraAmountAmplitude": 1.0,
  "auroraColorUpdateSpeed": 1.0,
  "blueLayerFactorExtra": 0.5,
  "redLayerFactorExtra": 1.0,
  "redLayerFactor": 2.0,
  "greenLayerFactor": 6.0,
  "blueLayerFactor": -1.0,
  "topColorCycle": 1200,
  "midColorCycle": 1200,
  "lowerColorCycle": 1200,
  "topColorOctaves": 2,
  "midColorOctaves": 3,
  "lowerColorOctaves": 1,
  "topColorHSBMin": 0.0,
  "topColorHSBMax": 0.05,
  "midColorHSBMin": 0.22,
  "midColorHSBMax": 0.41,
  "lowerColorHSBMin": 0.6,
  "lowerColorHSBMax": 0.88
}