{
  "version": "1.6",
  "shouldAutoUpdate": true,
  "allowedDimensions": [
    "minecraft:the_end"
  ],
  "allowedBiomes": [],
  "equatorZ": 0,
  "blocks90": 20000,
  "ignoreStarBrightness": true,
  "endlessPoles": true,
  "auroraHeightOffset": -6000,
  "pixelStyle": true,
  "auroraDetail": 200,
  "yearLength": 365,
  "auroraWaveOctaves": 1,
  "auroraWaveAmplitude": 1200,
  "auroraWaveFrequency": 25,
  "auroraWaveSpeed": 1.0E-6,
  "auroraHeightOctaves": 1,
  "auroraHeightFrequency": 100,
  "auroraHeightSpeed": 2.0E-6,
  "auroraHeightAmplitudeTop": 3000,
  "auroraHeightAmplitudeMid": 500,
  "auroraHeightAmplitudeLower": 200,
  "auroraWidth": 0.5,
  "auroraHeight": 0.02,
  "auroraFrequency": 1,
  "auroraWidthRadius": 0.5,
  "auroraLengthRadius": 0.5,
  "auroraDistanceFactor": 1.5,
  "auroraMaxPoleOffset": 5000,
  "auroraRotationSpeed": 0.5,
  "auroraVisiblityOctaves": 1,
  "aboveHeadPosition": true,
  "playerMovementFactor": 1.0E-4,
  "playerAltitudeFactor": 1,
  "auroraBandDistanceFactor": 1600,
  "auroraAmountOctaves": 4,
  "auroraAmountAmplitude": 1,
  "auroraColorUpdateSpeed": 1,
  "blueLayerFactorExtra": 0.5,
  "redLayerFactorExtra": 1,
  "redLayerFactor": 2,
  "greenLayerFactor": 6,
  "blueLayerFactor": -1,
  "topColorCycle": 1200,
  "midColorCycle": 1200,
  "lowerColorCycle": 1200,
  "topColorOctaves": 2,
  "midColorOctaves": 3,
  "lowerColorOctaves": 1,
  "topColorHSBMin": 0.83,
  "topColorHSBMax": 0.9,
  "midColorHSBMin": 0.7,
  "midColorHSBMax": 0.83,
  "lowerColorHSBMin": 0.64,
  "lowerColorHSBMax": 0.83
}